Date,AAPL,ADBE,ADI,ADP,ADSK,AEP,ALGN,ALXN,AMAT,AMD,AMGN,AMZN,ANSS,ASML,ATVI,AVGO,BIIB,BKNG,CDNS,CDW,CERN,CHTR,CMCSA,COST,CPRT,CSCO,CSX,CTAS,CTSH,DLTR,DOCU,DXCM,EA,EBAY,EXC,FAST,FB,FISV,FOXA,GILD,GOOGL,IDXX,ILMN,INCY,INTC,INTU,ISRG,KDP,KHC,KLAC,LRCX,LULU,MAR,MCHP,MDLZ,MELI,MNST,MRNA,MRVL,MSFT,MTCH,MU,MXIM,NFLX,NTES,NVDA,NXPI,OKTA,ORLY,PAYX,PCAR,PDD,PEP,PTON,PYPL,QCOM,REGN,ROST,SBUX,SGEN,SIRI,SNPS,SPLK,SWKS,TEAM,TMUS,TSLA,TXN,VRSK,VRSN,VRTX,WBA,WDAY,XEL,XLNX,ZM
2021-01-11,128.787,474.24,157.592,167.651,317.81,78.052,557.04,156.5,97.785,97.25,235.804,3114.21,373.33,507.95,90.47,442.403,267.52,2221.27,134.69,133.321,78.644,641.13,51.286,363.295,120.87,45.042,95.699,338.755,79.889,112.43,240.96,370.64,141.045,53.758,41.46,50.178,256.84,115.05,30.158,61.797,1756.29,506.55,372.48,93.32,51.237,371.815,813.65,31.224,32.512,288.312,515.256,361.66,128.66,147.456,56.786,1761.55,92.94,117.26,50.18,216.992,151.9,78.67,95.38,499.1,109.14,544.686,172.681,252.2,483.83,90.358,87.929,172.49,140.971,152.34,237.5,155.343,502.92,120.596,104.151,179.04,5.926,260.43,166.51,161.624,230.67,132.93,811.19,170.262,197.536,199.15,234.64,47.248,228.83,63.929,151.08,337.71
2021-01-12,128.607,471.65,158.379,168.198,320.13,77.125,552.88,155.59,99.831,95.355,234.832,3120.83,373.27,513.93,88.818,446.006,267.39,2196.34,133.72,134.089,78.694,621.49,49.783,363.485,121.83,45.469,95.6,338.725,79.391,114.18,262.65,360.17,138.887,55.862,41.678,51.311,251.09,111.2,29.601,61.372,1737.43,496.73,361.28,94.31,52.927,365.154,788.43,31.224,31.849,290.187,535.169,356.93,127.39,148.962,57.014,1810.09,93.99,124.55,50.58,214.438,153.57,79.46,95.82,494.25,107.391,539.218,175.542,256.14,495.4,90.08,89.165,169.48,140.316,156.04,237.64,153.691,505.75,120.885,102.379,180.37,5.866,258.58,167.01,157.764,234.19,128.69,849.44,171.246,196.309,198.58,229.38,47.506,225.62,62.936,146.67,356.81
2021-01-13,130.694,472.05,157.772,163.821,314.33,77.432,551.14,156.44,97.875,91.78,235.973,3165.89,375.58,514.06,89.336,447.812,266.67,2182.42,134.12,134.618,80.409,618.01,49.932,366.23,119.1,45.042,94.353,335.073,79.361,112.47,255.85,362.55,136.171,55.533,42.391,50.396,251.64,110.24,29.79,60.838,1747.25,497.58,362,92.74,56.615,364.445,811.45,31.522,31.681,289.299,525.252,352.14,126.51,150.339,57.064,1798.19,91.87,124.06,50.18,215.845,155.02,79.91,95.43,507.79,106.991,541.097,176.878,256.6,482.81,88.929,88.657,164.8,141.467,167.42,244.9,156.647,511.9,118.89,102.449,176.69,5.876,257.14,170.65,157.474,229.87,128.5,854.41,170.361,196.548,199.4,227.1,48.477,229.07,64.534,141.17,364.63
2021-01-14,128.717,463.27,158.747,161.085,311.11,78.106,554.64,156.65,105.611,90.79,239.864,3127.47,369.05,544.65,89.555,448.666,280.29,2182.59,135.4,134.468,80.089,623.09,49.355,361.639,117.26,44.833,93.207,326.422,79.799,109.97,250.25,352.08,138.768,55.094,42.173,50.019,245.64,107.98,31.093,61.689,1730.92,488.9,371.04,92.04,58.902,364.994,797.14,31.403,31.75,303.041,556.468,347.73,128.93,152.913,57.005,1852.53,91.36,129.72,51.249,212.533,149.05,81.3,96.13,500.86,104.712,527.841,179.45,259.11,471.5,87.449,88.966,167.26,140.644,165.25,242.06,160.06,517.91,116.804,101.383,175.86,5.816,257.91,170.95,157.564,222.97,124.69,845,170.659,193.553,195.7,226.12,48.853,227.33,63.095,140,383.24
2021-01-15,126.95,458.08,157.045,160.299,308.51,79.731,567.23,156.7,102.956,88.21,243.665,3104.25,364.28,527.5,90.251,442.493,275.84,2119.23,134.64,133.331,79.97,628.91,48.469,361.449,115.78,45.112,93.137,325.355,79.989,108.34,249.28,354.2,138.828,55.244,42.946,50.178,251.36,108.2,31.311,62.608,1727.62,489.46,376.35,90.56,57.242,370.487,778.42,31.722,31.661,303.291,546.232,344.5,126.8,148.204,56.915,1851.78,91.65,129.65,50.71,212.163,150.85,80.72,95.14,497.98,105.022,514.216,171.694,252.99,466.69,87.747,87.869,161.2,140.277,157.81,239.79,156.318,517.93,116.704,101.891,185.75,5.786,258.92,169.97,151.6,222.93,127.28,826.16,168.155,189.7,195.27,225.55,48.457,222.56,64.485,136.6,384.53
2021-01-19,127.639,456.5,159.822,161.155,310.97,79.969,557.41,158.71,109.025,89.45,246.425,3120.76,369.51,549.5,92.699,455.811,273.84,2163.04,137.62,132.643,79.272,633.27,48.623,353.774,116.09,44.873,92.379,321.333,79.51,108.05,256.57,357.64,141.254,56.799,42.411,50.118,261.1,107.67,29.84,66.305,1784.47,484.93,390.21,93.96,57.649,384.407,778.41,31.682,32.027,313.213,578.645,342.25,126.86,152.883,56.835,1913.21,90.08,125.01,53.746,215.945,146.14,85.5,96.9,501.77,110.039,520.844,174.465,260.84,463.94,87.717,88.916,168.79,140.941,150.14,247.25,162.965,533.89,113.721,102.1,188.78,5.936,268.2,172.96,160.965,226.74,129.85,844.55,173.124,191.047,197.08,231.91,47.694,221.04,64.237,139.36,393.87
2021-01-20,131.832,469.73,159.116,161.523,308.58,80.008,564.37,157.74,107.647,88.75,250.484,3263.38,378.65,549.38,94.66,458.402,270.28,2160.05,140.1,135.815,79.501,642.82,48.658,360.591,116.39,45.022,92.928,331.461,81.654,107.54,255.31,364.12,145.419,55.991,42.639,48.408,267.48,109.14,30.844,67.215,1880.07,495.04,403.54,96.37,58.325,388.911,798.57,31.811,32.522,303.49,561.666,355.12,126.73,152.015,56.796,1984.34,89.61,125.14,54.016,223.827,147.63,83.5,96.18,586.34,112.888,534.459,173.957,264.09,466.19,88.69,89.095,170.96,140.217,155.79,244.26,163.791,542.27,114.799,105.008,190.8,5.946,273.43,172.66,162.511,231.61,132.3,850.45,172.269,194.382,199.94,236.7,47.635,226.79,64.951,138,382.8
2021-01-21,136.665,472.02,158.578,160.209,306.46,80.226,543.81,157.86,107.777,91.53,250.157,3306.99,371.86,570.74,94.142,463.305,270.12,2109.94,138.62,137.331,79.382,650.43,48.907,362.088,115.7,44.794,91.333,330.693,80.627,107.79,253.94,367.5,145.789,56.221,42.609,47.877,272.87,108.95,30.864,66.216,1884.15,496.44,404.87,93.9,62.093,381.211,798.67,31.403,32.443,304.358,562.853,349.22,126.62,151.955,55.821,1940.19,89.2,132.98,53.426,224.455,144.49,85.01,96.03,579.84,115.966,554.523,173.089,262.24,471.01,86.933,98.415,172.81,138.511,158.13,248.64,163.941,535.48,115.128,104.131,185.78,5.976,272.87,171.83,163.09,234.18,130.4,844.99,174.029,194.542,197.14,238.64,46.624,229.39,64.634,141.16,382.81
2021-01-22,138.862,472.44,154.885,161.155,299.17,81.326,534.08,159.73,106.14,92.79,251.616,3292.23,374.57,569.45,93.973,461.518,269.44,2066.24,137.42,134.987,79.661,646.69,48.459,361.589,114.59,44.456,87.375,323.768,80.308,107.88,255.15,370.12,145.819,56.28,42.133,47.434,274.5,107.28,29.989,66.177,1892.56,492.86,406.25,97.89,56.327,374.321,744.08,31.333,32.571,304.168,562.514,346.37,122.9,149.77,55.95,1965.05,88.2,131.02,52.557,225.433,141,82.28,93.62,565.17,116.695,548.325,171.773,264,457.31,86.258,98.524,171.89,137.499,159.75,252,161.622,537.78,113.073,103.464,182.75,5.956,270.14,170.9,160.846,235.45,130.36,846.64,171.753,192.435,194.75,237.59,47.001,235.53,64.286,142.94,383.4
2021-01-25,142.706,473.44,153.033,162.846,293.64,81.832,539.47,161.32,107.927,94.13,255.189,3294,367.87,567.61,92.948,461.29,275.54,2018.43,135.9,134.897,80.259,652.17,48.748,361.17,112.9,44.714,87.614,327.41,79.779,106.37,244.4,376.39,146.118,57.068,42.936,47.842,278.01,106.71,31.908,67.383,1894.28,489.21,421,100.5,55.114,373.902,752.01,31.891,33.403,308.047,566.414,339.99,119.62,148.822,56.567,1880,88.46,147,54.365,229.005,139.42,81.28,92.44,556.78,124.221,545.956,173.887,263.46,449.95,86.347,97.612,180.43,139.076,157.14,247.75,163.592,548.2,113.282,103.006,180.12,6.045,269.63,171.91,165.244,231.08,131.1,880.8,171.862,188.362,192,241.31,47.367,234.99,66.014,145.14,391.83
2021-01-26,142.946,476.28,154.247,163.692,291.75,81.069,535.1,161.75,105.341,94.71,256.678,3326.13,366.64,549,91.933,460.377,271.67,1983.16,133.83,133.91,81.086,649.54,49.863,364.263,110.27,44.943,86.567,322.451,79.301,105.7,235.11,361.42,146.118,58.982,42.44,47.32,282.05,106.21,34.732,65.939,1907.95,478.1,420.55,99.39,54.886,374.271,769.65,32.488,34.036,302.712,551.35,330.56,120.44,144.633,57.283,1807.74,88.8,151.93,53.936,231.798,138.42,79.51,93.17,561.93,121.863,537.238,168.234,257.48,454.5,86.714,97.488,173.98,140.683,147.79,241,161.751,544.1,111.407,104.241,172.64,6.534,266.09,173.76,162.701,223.88,131.41,883.09,170.421,188.182,196.05,237.64,48.724,235.6,65.329,144.39,374.39
2021-01-27,141.847,460,146.821,164.826,273.47,79.701,509.64,155.69,98.404,88.84,249.194,3232.58,348.85,524.63,88.241,441.351,265.15,1886.09,128.43,132.693,83.051,615.78,48.2,355.69,108.25,45.38,83.636,317.502,75.912,101.56,225.19,349.64,146.049,58.164,40.628,47.534,272.14,103.22,34.185,64.733,1818.94,465.18,432.08,93,53.275,362.598,758.73,33.056,34.383,283.655,513.819,329.51,117.47,132.721,56.119,1718.7,85.93,155.73,51.079,232.367,131.55,75.09,87.83,523.28,119.024,516.545,160.069,251.33,428.37,86.665,96.082,166.3,136.953,144.96,229.94,152.915,515.56,107.645,97.45,162.69,6.853,254.53,168.64,155.44,217.3,123.27,864.16,161.933,183.959,194.58,225.25,50.696,223.45,63.353,133.86,370.74
2021-01-28,136.885,465.67,148.543,165.9,284.22,79.82,536.58,157.29,100.969,87.52,245.909,3237.62,362.87,547.22,89.833,448.338,267.87,2034.1,132.95,134.169,80.418,654.65,51.366,356.359,109.92,45.022,86.437,323.708,78.653,102.87,234.14,366.89,142.833,56.261,41.638,46.371,265,105.25,31.719,63.943,1853.2,482.27,438.22,91.27,55.736,369.428,765.36,32.279,33.611,290.296,506.147,330.24,120.71,138.318,56.816,1844.73,88.73,159.55,52.118,238.383,141.52,78.39,89,538.6,117.175,521.873,163.828,258.48,432.33,88.462,93.242,169.36,138.094,145.83,237.79,154.786,506.27,113.532,97.729,162.57,6.385,259.16,168.48,159.369,227.02,127.77,835.43,168.195,186.116,196.81,230.04,50.2,228.56,63.174,133.57,378.59
2021-01-29,131.762,458.77,146.671,164.279,277.43,80.167,525.38,153.33,96.507,85.64,239.636,3206.2,354.37,534.16,90.56,447.108,282.61,1944.33,130.39,131.336,79.87,607.56,49.345,351.738,109.75,44.267,85.495,317.422,77.706,101.66,232.89,374.85,143.022,56.33,41.163,45.317,258.33,102.69,31.003,64.852,1827.36,478.68,426.44,89.75,55.184,360.72,747.64,31.662,33.165,279.297,482.803,328.68,116.31,135.784,55.144,1779.51,86.83,173.16,51.399,231.429,139.86,78.27,87.71,532.39,114.926,519.424,159.98,259.01,425.47,87.32,90.919,165.71,135.495,146.13,234.31,155.512,503.84,111.037,96.395,164.27,6.245,255.45,165.03,168.805,231.13,126.08,793.53,165.69,183.191,194.07,229.08,49.774,227.53,63.522,130.57,372.07
2021-02-01,133.939,470,151.201,165.502,286.32,80.434,543.05,155.7,101.029,87.66,238.643,3342.88,367.94,554.39,90.978,463.225,278.46,1990.46,134.4,137.82,79.85,599.02,49.922,349.832,110.86,45.082,86.786,324.776,78.593,100.86,230.14,382.62,145.689,58.284,41.678,46.142,262.01,106.5,31.699,64.358,1893.07,492.42,443.38,90.92,56.357,373.053,746.11,31.781,32.908,291.812,500.261,333.47,117.75,141.909,54.955,1896.79,88.25,157.48,52.807,239.102,145.95,80.43,90.63,539.04,118.185,529.311,171.006,266.37,436.54,89.3,90.879,173.96,135.901,146.79,241.85,160.786,508.08,112.155,98.157,162.86,6.245,263.57,171.63,185.301,234.87,128.42,839.81,172.46,185.627,198.71,231.77,48.368,236.69,63.472,135.31,381.93
2021-02-02,134.788,484.93,151.191,167.522,294.61,81.356,557.77,154.86,103.405,88.86,238.703,3380,375.12,553.5,93.525,473.289,277.72,2065.53,135.72,141.092,80.239,616.7,50.948,354.882,113.96,45.509,89.369,330.493,79.799,104.02,239.84,394.63,148.785,57.148,42.44,46.47,267.08,110.02,30.337,64.387,1919.12,506.65,440.25,93.05,57.659,383.568,757.84,31.851,32.819,297.955,514.847,343.92,122.1,143.575,55.861,1909.99,90.44,158.58,52.797,238.962,150.09,81.62,90.44,548.16,123.302,542.097,176.668,276.33,444.97,90.53,91.587,182,137.29,147.73,249.1,163.97,499.98,116.011,101.214,166.05,6.185,269.76,175.09,185.002,248.79,131.89,872.79,174.75,188.382,202.46,217.33,47.981,257.76,63.73,137.31,391.84
2021-02-03,133.74,481.92,146.92,165.98,292.85,80.534,546.18,154.74,99.691,87.89,235.318,3312.53,370.07,542.91,92.321,461.687,263.25,2027.3,134.82,140.643,79.501,609.26,50.241,353.814,112.1,45.449,89.05,330.882,79.092,104.94,236.83,391.69,140.645,57.855,42.074,47,266.65,110.2,30.108,63.784,2058.88,485.36,420.2,90.97,56.996,379.614,745.4,31.781,32.67,285.51,503.135,332.39,123.35,139.535,54.985,1870.52,90.41,165.86,51.049,242.444,138.12,79.11,87.87,539.45,122.862,541.047,173.568,276.25,442.48,89.95,95.355,193.11,136.933,147.17,251.9,161.503,491.18,117.423,100.587,163.11,6.165,265.21,171.29,178.988,243.99,129.37,854.69,168.58,186.555,199.15,211,48.437,258.63,62.718,135.39,380.47
2021-02-04,137.184,489.38,149.847,169.691,300.49,81.455,615.16,155.59,103.055,87.84,235.457,3331,377.41,555.44,92.232,467.086,267.39,2082.94,137.1,149.611,79.85,619.79,51.217,355.85,114.33,46.919,88.152,337.518,74.456,106.14,246.01,403.25,138.458,60.926,43.253,47.12,266.49,112.24,30.247,65.079,2053.63,494,428.64,90.91,58.79,392.176,757.05,32.16,32.581,293.418,518.299,338.59,125.45,143.396,55.701,1893.35,91.47,173.31,50.24,241.456,150.63,81.25,89.49,552.16,122.212,546.395,180.895,283.62,451.84,91.58,96.78,197.26,138.58,157.53,270.43,147.243,498.84,118.48,103.195,165.42,6.105,270.09,172.26,178.629,241,130.6,849.99,172,188.072,199.31,213.71,48.804,264.19,63.125,136.28,389.98
2021-02-05,136.76,492.12,148.095,166.428,305.86,81.435,620.45,153.92,100.53,87.9,234.564,3352.15,379.48,552.81,101.118,462.501,265.09,2096.42,135.8,150.598,79.581,617.65,50.878,355.17,119.39,47.743,88.282,344.223,74.267,105.645,250.37,411.03,141.045,62.032,43.263,47.3,268.1,112.22,31.242,67.679,2088.83,502.64,428.91,90.24,58.18,388.831,762.25,32.389,33.452,287.235,508.552,334.08,129.48,145.091,55.91,1918.13,91.1,176.24,49.99,241.646,159.82,81.1,89.2,550.79,123.951,543.466,181.434,282.94,448.29,91.63,96.262,196.16,139.85,148.3,269.44,145.124,498.98,118.451,106.023,190.61,6.09,272.92,170.24,178.479,243.8,125.28,852.23,169.93,187.114,199.52,215.26,49.339,263.95,62.976,136.48,419.59
2021-02-08,136.91,493.76,152.515,167.064,302.81,80.236,602.44,154.5,106,91.47,235.804,3322.94,381.97,564,100.701,469.14,268.93,2099.56,137.58,150.02,78.265,615.53,51.615,359.83,120.78,48.597,86.996,348.384,75.613,107.07,248.9,403.3,142.283,63.637,43.322,47.47,266.58,113.4,32.505,67.195,2084.52,495.76,451.06,93.62,59.16,389.19,769.99,31.965,33.561,301.426,531.517,339.71,129.09,152.105,55.721,1900.89,90.88,185.98,51.539,241.915,159,84.01,91.58,547.92,124.061,577.366,187.545,281.15,452.5,91.71,96.77,188.26,139.294,144.99,282.17,146.656,494.9,120.386,105.804,177.15,6.04,276.48,169.56,181.092,244.38,126.1,863.42,175.12,188.542,200.52,214.37,49.457,272.79,61.795,141.43,410.81
2021-02-09,136.01,496.05,152.167,166.527,304.5,79.84,615,155.27,105.192,90.91,234.891,3305,386.39,565.5,102.233,471.056,269.31,2085.28,139.49,151.187,78.783,619.51,52.481,359.56,121.08,48.16,88.202,348.573,75.922,109.82,255.82,401.03,145.929,62.032,43.154,47.31,269.45,113.45,30.556,66.533,2075.39,505.05,453,89.46,58.78,390.998,779.35,32.259,33.363,297.487,526.828,340.69,127.05,151.686,55.204,1878,90.51,179.52,51.189,243.212,158.87,83.32,91.22,559.07,132.347,570.348,187.465,279.89,453.27,90.89,99.41,189.76,138.501,147.76,284.2,145.392,490.68,119.777,105.764,175.73,6.06,278.16,172.78,182.429,248.05,124.45,849.46,173.69,190.189,200.29,213.82,49.527,275.37,61.666,140.85,430.03
2021-02-10,135.39,492.67,152.545,166.089,301.71,80.01,605.78,154.58,105.691,92.35,236.688,3286.58,386.59,566.89,102.263,466.51,275,2141.76,137.86,156.953,78.763,611.63,52.511,356.12,118.05,46.909,87.913,348.234,75.802,110.25,255.25,399.44,144.431,62.122,42.906,47.66,271.87,109.42,31.6,66.523,2086.48,516.54,450,85.17,58.86,396.729,788.09,31.891,33.541,296.789,531.238,341.39,126.75,151.277,54.955,1905.27,90.45,179.34,50.53,242.264,171.07,82.35,91.31,563.59,130.977,590.381,187.326,286.5,456.47,90.45,99.6,199.61,136.616,145.04,283.18,144.785,491.22,120.007,105.416,169.35,6.07,276.87,168.02,184.802,252.46,124.49,804.82,174.36,190.498,203.15,212.53,51.121,274.09,61.824,143.15,431
2021-02-11,135.13,496.62,158.09,165.95,300.21,78.95,599,154.59,112.798,92.66,235.04,3262.13,396.13,591.51,102.741,474.788,278.81,2159.26,143.97,156.524,75.673,618.68,52.988,352.2,115.97,47.246,88.481,341.06,76.729,109.09,256.27,410.2,147.147,62.112,42.332,47.07,270.39,108.48,31.818,66.157,2088.75,528.47,451.22,84.99,60.66,408.243,798.83,31.771,35.174,323.584,570.854,345.89,126.65,157.252,55.383,1942.25,89.94,183.44,52.048,243.931,172.13,86.48,94.94,557.59,132.397,609.835,193.407,286.64,433.16,90.29,98.6,199.8,133.907,146.48,285.03,144.845,490.54,121.603,105.406,172.02,6.11,286.7,169.96,188.263,252.8,124.4,811.66,179.22,188.981,204.55,210.495,49.646,275.99,61.12,144.2,432.77
2021-02-12,135.37,498.84,160.061,166.179,305.14,78.61,609.58,158.39,116.491,93.77,237.21,3277.71,403.6,597.99,103.308,482.658,278.03,2150.58,145.68,155.017,74.726,613.45,52.988,352.75,119.425,46.958,89.867,342.44,76.719,108.375,263.3,412.56,147.557,62.81,41.807,47.39,270.5,109.99,32.405,66.127,2095.03,544.08,504.76,84.325,61.81,413.406,807.81,31.632,35.026,330.894,584.771,342.86,129.48,159.168,54.896,1943,91.73,183.74,53.756,244.429,169.53,88.01,96.22,556.52,132.047,598.259,193.796,291.78,433.05,89.4,98,196.59,132.816,154.67,298.37,147.253,485.62,118.82,104.848,165.84,6.09,292.09,173.33,189.5,252.97,123.68,816.12,179.64,189.181,202.39,213.98,49.903,281.36,61.09,145.75,433.11
2021-02-16,133.19,501.64,159.773,165.313,308.22,78.19,614.21,156.69,118.138,91.46,232.84,3268.95,401.86,603.14,102.462,485.447,279.32,2184.16,145.99,155.546,72.532,618.47,52.6,354,118.14,46.184,90.475,345.1,75.872,107.65,264.69,404.38,145.599,62.665,41.579,46.63,273.97,110.2,31.55,64.061,2110.7,538.16,492.55,82.13,62.47,421.664,791.95,31.283,34.996,336.249,590.387,339.85,130.4,161.851,54.587,1939.87,92.18,178.53,52.877,243.142,164.86,87.74,96.16,557.28,126.91,613.014,194.833,285.07,442.78,88.8,97.13,202.81,133.322,145.88,304.79,146.437,480.71,119.658,105.695,159.34,5.99,290.67,169.3,194.14,248.95,122,796.22,180.76,188.043,198.15,210.27,48.675,274.87,60.067,142.58,444.51
2021-02-17,130.84,491.23,159.036,166.278,302.52,78.49,599.53,157.02,115.503,89.94,235.61,3308.64,393.9,587.58,101.855,478.847,276.67,2233.77,141.78,157.471,72.273,624.12,52.75,358.04,117.99,45.926,89.718,339.11,76.43,108.32,254.98,414.12,145.649,62.849,41.767,46.95,273.57,111.07,31.57,64.358,2118.62,540.35,494.24,83.77,61.85,415.223,780.06,31.522,36.639,329.388,584.521,337.52,131.34,162.659,54.627,1890.25,92.16,176.76,50.34,244.2,160.8,86.05,95.63,551.34,126.83,596.05,189.11,284.09,447.46,89.18,96.045,202.82,133.401,139.23,297.2,144.039,481.68,119.199,104.44,158.83,6.01,283.76,170.5,192.09,250.53,121.3,798.15,178.53,188.242,199.11,214.85,49.091,271.05,60.454,139.32,429.42
2021-02-18,129.71,488.37,157.383,171.72,300.72,80.48,594.99,157.58,113.227,88.64,232.53,3328.23,389.81,582.48,101.755,479.621,275.9,2259.79,139.53,156.264,72.323,616.42,52.321,356.92,118.77,46.015,89.747,340.45,74.82,107.76,260.99,410.84,147.227,62.6,42.292,47.29,269.39,113.05,31.993,64.486,2105.81,551.79,485.79,81.55,61.61,414.804,767.53,31.602,38.559,325.16,576.401,336.83,131.98,156.165,55.831,1891.09,92.65,169.57,50.41,243.79,162.24,88.535,94.58,548.22,124.251,592.971,185.312,284.64,458.52,91.28,94.85,195.78,134.304,138.45,290.81,143.203,477.03,119.937,104.97,158.62,6.02,270.95,166.65,187.91,256.73,123.04,787.38,176.51,191.696,201.09,209.83,48.92,272.79,61.844,137.56,417.91
2021-02-19,129.87,479.12,163.068,168.427,305.4,79.08,599.25,155.51,119.246,89.58,231.69,3249.9,395.37,594.4,100.312,486.27,278.35,2293.05,139.66,160.354,71.346,607.29,51.864,354.77,117.07,45.36,91.811,343.49,73.64,107.9,265.16,418.94,145.769,61.783,40.985,47.23,261.56,111.36,33.588,63.636,2088.81,544.13,486.26,80.54,63.01,410.77,750.15,31.104,37.094,330.67,596.992,332.23,136.28,162.35,54.021,1910.39,89.65,174.74,51.828,240.97,160.95,90.96,98.15,540.22,123.821,596.869,191.004,288.36,460.41,90.25,95.19,195.98,131.467,139.71,286.92,144.228,470.37,118.68,103.37,157.75,6.01,268.07,169.66,192.17,258.41,120.1,781.3,178.35,190.169,197.95,207.02,48.86,276.34,61.616,138.71,417.26
2021-02-22,126,467.33,158.528,169.949,297.7,76.77,579.54,154.81,115.024,85.37,231.47,3180.74,383.2,578.5,96.113,472.773,284.63,2350.02,133.16,158.928,70.698,596.5,52.262,350.21,112.53,45.112,92.3,340.5,73.25,104.88,243.51,412.06,142.083,61.364,40.212,46.32,260.33,113.36,34.493,63.379,2054.26,536.91,470.56,79.92,60.71,400.983,741.4,31.542,36.847,316.16,566.454,321.49,142.56,155.19,54.03,1788.82,89.17,159.37,49.631,234.51,156.71,86.28,95.32,533.78,117.395,574.047,185.043,274.47,456.67,90.39,94.68,188.24,130.951,125.75,273.85,138.775,460.58,121.224,101.81,157.58,6.02,254.69,160.82,183.93,241.01,117.91,714.5,173.09,185.926,193.23,214.96,48.86,269.95,59.983,131.29,394.34
2021-02-23,125.86,467.8,156.995,171.188,290.25,78.09,567.81,152.93,115.932,84.74,232.46,3194.5,375.56,576.07,95.954,468.346,279.08,2359.37,132.6,156.793,69.86,602.77,53.098,342.15,111.21,45.191,91.412,336.71,72.88,102.98,243.6,406.78,140.995,61.175,40.41,46.8,265.855,115.6,33.926,62.954,2060.12,525.22,464.54,79.02,61.12,398.527,744.71,31.652,36.738,318.78,561.316,322.85,149.55,154.93,54.508,1775.79,88.32,150.17,48.782,233.27,161.33,88.23,94.19,546.15,120.183,565.499,180.527,270.58,453.97,90.88,93.33,187.91,131.734,126.89,265,136.446,468.03,119.987,101.37,157.03,5.95,253.21,153.8,183.75,241.46,119.22,698.84,172.85,185.048,192.06,216.44,48.41,261.73,61.477,130.35,388.16
2021-02-24,125.35,476.62,161.037,175.72,298.91,77.1,573.26,154.49,122.81,86.94,229.99,3159.53,385.37,595.01,95.227,477.259,282.74,2443.5,139.42,162.1,70.08,608.51,53.158,340.7,110.56,45.419,93.087,338.31,74.93,101.13,239.66,405.64,137.509,59.191,39.806,46.9,264.31,119.07,33.847,62.984,2083.81,532.88,461.05,80.61,63.19,412.597,758.71,31.323,37.213,328.43,595.485,317.7,157.5,157.25,54.04,1714,88.24,144.79,49.201,234.55,160.79,92.52,96.75,553.41,117.435,579.775,185.641,269.9,455.87,93.36,94.28,179.32,131.05,122.72,266.07,140.407,458.6,123.329,104.38,155.02,5.99,260.68,152.53,190.36,239.93,119.38,742.02,179.39,167.248,195.51,217.04,49.17,262.78,59.77,133.81,385.23
2021-02-25,120.99,459.16,153.68,174.635,284.03,76.3,556.11,153.65,113.93,82.42,227.52,3057.16,338.46,559.77,94.64,453.717,277.26,2273.2,138.02,156.89,69.731,601.55,52.003,333.9,106.92,45.201,92.19,328.05,73.38,98.88,225.73,395.47,135.072,56.799,38.548,46.28,254.69,116.29,32.853,62.074,2015.95,518.28,445.86,78.45,60.4,387.433,741.79,30.726,36.886,304.79,546.352,310.12,150.09,147.72,53.752,1613.06,85.35,148.38,46.505,228.99,151.72,88.12,91.69,546.7,108.6,532.13,177.974,256.28,445.89,91.41,92.72,171.06,128.976,115.21,253.94,134.864,453.19,118.5,103.47,150.09,5.86,244.09,145.08,176.14,232.4,120.89,682.22,170.53,164.013,190.36,212.98,48.27,251.19,59.402,125.66,364.73
2021-02-26,121.26,459.67,155.82,173.133,276,74.85,567.11,152.75,118.19,84.51,224.92,3092.93,340.99,567.09,95.147,466.332,272.88,2328.51,141.09,156.89,68.933,613.42,52.481,331,109.16,44.555,91.55,324.34,73.48,98.2,226.66,397.78,133.804,56.42,38.231,46.37,257.62,115.37,33.121,60.7,2021.91,520.17,439.41,78.66,60.78,389.59,736.8,30.387,36.006,311.23,565.846,311.68,148.07,152.63,52.877,1638.11,87.74,154.81,48.223,232.38,152.85,91.53,93.17,538.85,109.789,548.405,181.992,261.45,447.33,91.07,90.99,171.16,128.173,120.47,259.85,135.521,450.57,116.375,108.03,151.11,5.85,245.21,143.01,177.82,237.7,119.97,675.5,172.27,163.574,194.03,212.55,47.93,245.18,58.161,130.3,373.61
2021-03-01,127.79,469.57,158.59,176.595,284.27,76.71,565.11,151.97,122.25,86.39,227.04,3146.14,346.11,583.55,98.242,485.893,273.24,2320.5,147.44,160.57,69.94,619.68,54.203,331.77,109.82,45.598,92.93,344.88,74.83,99.23,238.56,396.67,137.1,58.48,38.934,48.47,264.91,116.68,34.593,61.748,2069.66,538.17,446.5,79.63,62.88,405.837,759.21,30.756,36.708,325.99,597.391,314.83,148.47,158.1,53.374,1713.28,87.55,157.4,49.461,236.94,156.52,94.76,95.18,550.64,110.529,553.493,186.728,269.81,451.23,92.75,93.72,186.15,129.591,123.81,273.63,138.805,463.05,120.296,106.87,152.55,6.02,254.17,151.26,186.46,251.5,123.57,718.43,177.67,166.758,195.8,210.38,47.85,252.8,58.717,133.79,409.66
2021-03-02,125.12,466.59,154.29,174.048,277.92,76.45,563.21,150.37,117.5,84.13,225.69,3094.53,336.33,563.14,96.282,476.892,269.85,2282.21,142.15,157.1,69.402,616.07,54.004,328.46,109.57,45.196,92.16,342.4,74.95,98.95,232.59,391.91,136.82,56.99,38.934,47.48,259,115.68,37.735,62.292,2064.48,529.47,441.01,78.56,61.24,401.183,750,30.641,36.936,309.82,572.001,317.47,148.95,152.09,53.394,1642.41,86.88,146.81,47.773,233.87,152.51,91.09,92.63,547.82,110.069,536.079,181.713,259.06,451.36,92.14,94.18,175.52,130.038,117.97,269.19,136.367,454.86,117.373,107.2,153.71,5.98,247.87,149.09,179.89,244.4,122.45,686.44,174.89,166.1,193.99,212.06,47.44,247.96,58.549,129.95,372.79
2021-03-03,122.06,448.45,149.94,173.601,269.3,76.32,527.43,148.19,115.44,80.86,223.94,3005,319.86,543.6,93.257,459.573,266.6,2275,133.74,155.66,68.345,601.02,53.486,323.92,107.01,44.814,91.09,336.31,73.16,101.88,219.64,368.7,133.05,54.6,39.152,46.45,255.41,115.8,39.107,62.035,2011.41,498.02,416.41,76.02,59.9,388.162,727.15,30.487,37.589,303.81,549.923,295.99,146.31,148.37,52.658,1528,84.6,131.22,45.506,227.56,147.34,89.11,89.51,520.7,107.171,512.026,175.452,241.22,454.5,90.48,95.24,168.75,128.123,108.08,255.06,131.66,446.73,110.798,106.22,147.93,5.89,236.93,143.19,175.21,227.68,118.84,653.2,170.59,164.532,190.48,208.44,47.63,236.7,57.605,123.51,341.57
2021-03-04,120.13,439.06,144.52,170.139,265.44,77.25,520.45,148.46,108.24,77.75,221.91,2977.57,306.16,510.5,91.097,440.25,263.57,2219.35,128.81,151.44,68.016,607.64,53.685,319.04,104.11,44.248,88.26,326.73,72.4,101.81,210.62,356.27,131.29,53.34,39.39,44.17,257.64,115.55,38.868,62.509,2033.93,485.85,399.61,77.5,58.33,375.799,709.17,30.746,36.827,287.62,527.557,285.14,144.77,140.09,53.672,1458.64,84.68,132.3,40.047,226.73,143.66,84.33,86.36,511.29,106.201,494.652,166.769,226.22,450.26,89.31,92.4,158.4,128.83,104.75,239.07,127.8,449.38,111.766,104.89,145.45,5.79,229.8,139.47,167.21,225.44,118.61,621.44,163.25,161.378,190.3,207.79,46.86,230.35,58.489,117.12,343.09
2021-03-05,121.42,440.83,148.88,177.352,267.39,78.9,536.46,150.1,113.45,78.52,227.73,3000.46,308.03,527.04,92.132,446.75,270.71,2307.1,126.69,154.48,70.179,624.03,54.84,317.32,106.39,45.926,91.63,339.35,73.71,104.08,204.31,364.09,132.6,53.76,39.64,45.18,264.28,119.69,41.056,63.883,2097.07,499.7,398.85,80.26,60.74,381.671,713.37,31.393,37.46,295.87,546.402,293.24,146.92,145.44,55.284,1470.24,86.42,132.19,41.461,231.6,146.29,88.93,88.49,516.39,108.2,498.301,180.347,215.96,465.85,92.12,94.15,156.82,133.03,105.13,239.05,129.75,461.57,112.873,105.2,149.35,5.89,227.8,136.77,173.44,228.21,124.68,597.95,167.94,167.837,193.77,211.98,47.2,237.02,60.901,119.95,337.43
2021-03-08,116.36,421.2,144.06,179.501,253.1,80.49,496.07,150.06,105.68,73.96,227.81,2951.95,293.55,502.19,88.778,418.078,270.01,2368.74,119.68,155.14,69.96,612.38,55.223,311.42,103.99,47.177,92.53,340.6,72.69,108.07,192.84,352.06,127.21,53.49,40.69,44.66,255.31,121.5,42.09,64.012,2007.5,482.6,383.62,77.84,59.85,369.897,684.9,32.329,38.272,274.04,501.419,288.94,150.44,136.75,54.856,1369.54,85.14,123.47,40.012,227.39,145.56,85.05,85.03,493.33,102.024,463.582,170.477,208.51,472.9,93.2,93.44,137.6,132.13,101.35,226.09,123.2,463.19,120.097,105.03,148.68,5.91,218.49,131.03,161.2,223.42,127.06,563,162.11,171.361,188.85,213.58,48.48,231.07,61.507,112.09,310.93
2021-03-09,121.085,439.18,149.43,182.127,263.97,80.6,515.87,152.61,114.22,78.53,228.99,3062.85,308,539.52,92.053,440.259,266.49,2366.79,127.3,154.47,70.319,614.77,55.318,318.78,106.31,47.554,92.74,345.84,74.39,107.59,213.22,362.94,130.93,56.17,41.53,45.69,265.74,122.5,40.32,63.597,2040.36,493.57,400.86,79.11,62.67,384.037,702.8,32.946,38.727,294.1,542.222,298.35,147,145.46,55.324,1452.01,88.44,130.87,43.808,233.78,152.11,89.3,88.11,506.44,110.619,500.81,183.258,219.98,464.92,94.55,95.23,154.18,132.25,116.02,241.76,129.11,470.63,124.696,106.55,150.56,5.97,228.4,135.87,172.41,233.05,126.31,673.58,170.36,174.126,191.99,214.04,48.46,245.92,61.695,120.28,342.11
2021-03-10,119.98,437.01,147.11,181.142,263.64,81.2,511.79,153.48,112.68,77.52,229.96,3057.64,310.09,523.33,90.868,434.295,262.61,2369.32,126.88,156.44,70.618,629.07,56.95,323.83,108.67,47.951,93.59,353.04,76.02,107.83,212.67,356.39,130.12,55.34,41.86,46.15,264.9,123.86,41.46,63.181,2036.19,488.78,399.45,78.35,62.25,382.28,719.81,33.414,39.103,283.45,517.471,309,147.14,141.32,55.89,1435.57,89.4,129.75,42.789,232.42,146.85,85.41,86.9,504.54,105.642,498.73,179.879,225.21,473.9,94.7,96.59,148.14,133.58,111.32,242.07,127.87,467.95,121.294,107.78,149.55,6.06,228.84,133.91,167.66,225.69,127.41,668.06,169.42,174.565,190.1,214.29,50.52,242.71,61.725,118.74,336.03
2021-03-11,121.96,451.06,151.03,181.56,274.36,80,544,151.45,117.19,81.23,231.17,3113.59,322.64,544.4,92.49,450.274,267.44,2362.06,130.13,159.99,70.867,624.23,56.632,328.65,110.32,48.458,93.82,360.04,77.54,108.57,225.22,366.78,131.34,56.24,42.03,46.37,273.88,124.11,41.845,62.371,2100.54,502.94,412.89,79.48,63.31,398.607,732,33.155,38.47,296.36,534.121,310.34,148.83,148.21,55.97,1570.78,89.35,140.47,46.245,237.13,155.35,89.31,89.17,523.06,108.39,519.74,187.924,239.21,474.35,95.16,97.75,162.4,133.22,117.65,253.83,131.74,469.96,120.596,107.32,153.09,6.14,234.26,138.19,173.75,235.8,125.99,699.6,174.95,172.918,192.02,215.15,51.52,257.27,61.407,126.09,355.17
2021-03-12,121.03,444.3,149.54,182.77,268.11,81.04,536.44,151.59,114.29,81.05,230.36,3089.49,316.88,537.63,92.585,447.772,266.13,2401.04,125.74,160.06,71.047,624.15,56.831,331.14,109.95,48.478,93.85,358.29,77.77,108.61,210.34,357.73,130.49,55.8,42.59,47.15,268.4,124.13,42.78,61.56,2050,497.75,405.12,79.01,62.9,395.391,733.99,33.225,38.11,294.27,523.576,306.08,150.2,147.45,56.567,1550.15,88.94,136.99,47.104,235.75,153.38,87.77,87.98,518.02,107.95,514.24,183.47,227,482.64,95.25,96.95,161.06,133.04,111.55,250.35,129.98,471.46,122.342,107.81,150.73,6.16,229.45,135.92,172.31,229.26,127.12,693.73,173.57,171.76,188.1,214.33,53.21,252.73,62.08,125.45,346.39
2021-03-15,123.99,447.59,151,189.08,273.02,82.28,558.85,152.18,114.88,82.5,235.96,3081.68,325.71,547.19,92.127,467.225,260.13,2439.5,129.39,161.27,72.163,625,57.269,330.51,110.84,49.064,93.48,351.6,79.27,109.3,220.08,361.93,130.89,57.67,43.36,48.13,273.75,124,42.7,63.07,2054.44,512.76,420.32,80.65,63.79,396.28,735.06,33.434,38.53,298.96,535.478,314.32,153.56,149.56,56.925,1581.32,89.31,143.66,48.302,234.81,153.93,88.85,88.91,520.25,107.08,527.65,199.91,228.72,484.31,97.75,99.44,159.13,133.03,112.74,249.98,131.64,483.94,125.27,108.9,151.67,6.25,234.87,138.53,178.79,236.62,125.63,707.94,174.91,174.59,190.37,219.65,55.05,254.88,63.07,128.62,350
2021-03-16,125.57,450.54,153.08,188.28,275.01,83.5,542.54,153.37,118.5,82.75,240.32,3091.86,330.78,549.38,92.829,474.579,259.92,2396.56,129.39,160.97,71.984,639.65,57.777,327.25,109.03,49.322,91.94,347.95,78.06,109.04,211.18,354.65,131.74,57.42,43.36,47.72,279.28,124.12,44.18,64.01,2083.89,506.92,419.53,80.28,64.78,394.862,726.63,33.937,38.74,301.95,547.18,308.75,150.63,149.9,57.472,1550.49,89.39,156.02,47.903,237.71,154.19,91.43,90.19,524.03,108.3,531.65,202.78,227,483.92,98.04,95.69,160.89,134.01,107.96,249.31,133.65,482.17,123.39,111.34,147.43,6.33,234.05,139.03,181.04,235.89,127.78,676.88,177.14,172.97,191.13,218.99,54.71,257.12,63.41,129.18,335.08
2021-03-17,124.76,451.01,154.16,187.88,272.84,82.12,540.01,153.23,119.9,82.63,244.27,3135.73,328.37,559.57,91.993,479.948,264.15,2461.78,128.49,160.4,72.084,641.86,57.239,329.19,110.53,49.074,92.14,343.22,78.03,107.7,213.34,351.7,130.6,59,42.97,48.41,284.01,123.53,42.92,64.42,2082.22,504.9,420.12,80.2,65.78,391.167,724.64,33.952,39.08,305.39,553.01,315.22,155.95,153.82,57.611,1537.62,88.6,147.55,48.043,237.04,154.41,94.76,91.12,524.44,108.26,533.65,208.34,224.89,482.98,97.98,96.17,149.46,133.62,107.79,251.47,133.92,496.01,123.68,110.46,149.78,6.29,235.61,137.81,182.81,234,127.3,701.81,179.35,171.94,190.74,217.08,54.1,260.72,62.69,129.19,336.65
2021-03-18,120.53,439.18,149.45,186.06,263.44,82.6,514.36,151.27,114.28,78.12,244.42,3027.99,321.49,539.19,89.147,460.655,262.27,2346.95,124.03,157.1,71.525,629.39,55.616,322.98,109.01,48.458,92.51,337.23,76.4,105.25,204.8,339.15,128,58.9,42.7,47.5,278.62,122.41,42.88,64.08,2021.34,484.47,409.19,78.25,63.725,373.442,699.32,33.743,38.94,288.74,539.17,306.35,154.29,145.49,57.601,1436.17,87.92,141.46,45.496,230.72,147.14,89.82,88.03,504.79,104.99,508.9,198.59,209.04,482.18,97.29,95.12,141.82,132.53,102.74,238.41,129.75,474.68,123.17,107.62,144.91,6.1,227.39,133.84,174.69,219.28,124.91,653.16,174.36,170.55,188.52,213.36,52.7,249.14,62.4,122.25,316.32
2021-03-19,119.99,441.5,151.91,183.93,261.5,83.67,529.46,150.94,114.86,79.06,245.94,3074.96,324.25,547.42,90.052,474.46,267.07,2287.74,125.48,158.03,71.735,629.74,55.208,328.91,106.595,48.637,90.77,333.05,76.55,108.12,205.67,344.63,128.4,59.73,42.97,47.63,290.11,121.87,42.925,64.46,2026.96,484.88,415.9,79.37,63.76,380.742,707.49,33.992,39.14,292.88,542.31,308.71,152.28,150.06,57.79,1448.89,87.92,143.74,46.944,230.35,152.7,90.51,89.32,512.18,109.07,513.83,202.04,213.53,488.1,95.84,95.06,141.8,134.5,108.31,241.28,131.02,473.7,121.31,106.34,146.62,6.08,227.86,135.04,175.79,219.09,124.19,654.87,175.98,171.87,192.05,216.11,52.54,251.23,62.99,122.88,326.26
2021-03-22,123.39,452.41,154.5,184.39,265.96,83.63,530.6,155.25,119.33,80.3,249.69,3110.87,334.86,575.99,91.426,475.28,272.34,2231.89,127.97,159.3,71.754,637.62,56.114,334.49,109.79,49.947,93.78,336.33,76.73,110.25,207.43,359.82,131.41,60.29,42.79,47.98,293.54,121.71,43.65,65.53,2030.69,491.37,429.92,81.67,65.63,382.48,714.73,34.43,39.55,305.36,560.03,313.6,151.5,154.86,58.521,1476.11,89.05,145.6,47.613,235.99,154.89,91.28,90.66,523.11,110.06,527.45,200.4,222.5,490.84,96.58,93.58,137.15,137.8,109.54,244.385,134.09,483.22,120.66,107.57,148.13,6.31,234.43,141.17,179.82,221.74,126.11,670,180.1,174.82,194.45,218.82,53.11,257.27,63.75,125.35,328.5
2021-03-23,122.54,460.2,150.49,184.04,269,84.64,518.88,152.18,116.38,78.38,245.04,3137.5,333.53,558.87,90.938,464.06,267.21,2215,128.25,156.06,71.515,645.45,55.885,340.34,107.39,49.659,92.92,333.01,76.23,109.86,207.96,364.17,133.05,60.31,42.8,47.7,290.63,121.29,41.81,64.5,2041.33,487.66,416.43,79.85,63.48,382.659,710.82,34.46,38.92,297.06,544.41,314.03,142.42,149.98,58.288,1446.65,89.62,136.52,46.095,237.58,145.89,85.4,88.85,535.09,106.53,522.83,191.62,225.62,485.29,96.15,91.17,136.06,139.46,113.35,243.77,132.52,469.76,116.68,106.25,143.84,6.24,235.13,138.22,175.38,222.92,124.39,662.16,178.78,177.59,196.26,213.59,52.03,257.39,65.44,122.13,339.76
2021-03-24,120.09,451.51,150.44,185.27,263.18,84.99,506.17,151.54,121.1,76.48,245.47,3087.07,330.37,578.58,90.072,457.27,265.69,2202.73,126.97,156.41,71.615,651.56,55.666,338.04,105.9,49.302,94.17,335.95,76.94,110.5,198.46,355.73,129.8,57.64,42.93,48.23,282.14,123.25,40.12,64.35,2032.53,472.97,406.8,78.48,62.04,376.758,711.07,34.216,38.23,297.89,552.45,307.31,143.28,146.76,57.751,1387.85,88.72,131.61,45.196,235.46,139.8,83,89.39,520.81,102.69,505.72,187.28,218.59,488.86,96.96,90.69,124.18,138.81,101.79,234.27,127.18,460.32,115.48,104.97,140.19,6.11,233.05,134.94,171.19,210.44,122.36,630.27,178.9,176.93,195.03,211.54,51.78,246.07,65.58,119.96,314.96
2021-03-25,120.59,450.99,149.9,187,262.19,84.72,517.87,152.97,119.72,76.22,246.25,3046.26,327.88,584,90.411,461.7,273.97,2268.91,125.67,159.62,72.064,637.79,56.045,346.34,105.51,50.156,95.54,337.06,77.1,111.08,200.29,348.19,130.03,58.09,43.37,49.22,278.74,122.95,40.3,63.99,2032.46,472.11,398.13,79.78,62.02,371.865,704.5,34.39,39.2,299.41,548.03,306.21,146.57,147.16,58.248,1402.5,88.79,133.33,44.697,232.34,134.6,84.09,88.42,502.86,101.55,501.41,191.31,217.61,496.98,98.31,92.27,127.53,139.63,103.23,234.24,127.28,463.48,118.99,107.35,139.28,6.15,231.67,132.93,172.13,206.84,123.48,640.39,178.49,174.78,193.38,212.36,51.71,246.15,66,120.03,314.85
2021-03-26,121.21,469.09,157.11,192.69,269.01,84.99,528.34,154.875,128.64,77.41,252.86,3052.03,342.96,625.67,91.953,482.04,276.63,2323.53,132.58,167.9,72.213,631.75,54.93,352.02,107.43,52.201,97.66,346.61,79.24,114.39,201.96,352.73,132.85,60.83,43.53,50.56,283.02,123.61,37.8,65.24,2024.73,480.22,401.46,81.75,64.87,376.049,730.75,35.087,40.03,319.94,584.23,314,146.82,155.42,59.123,1431.97,91.65,133.28,46.914,236.48,138.27,87.99,93.14,508.05,103.94,513.57,199,212.45,506.74,100.82,93.68,131.29,142.7,106.42,241.03,132.99,476.91,122.36,109.9,139.67,6.22,242.75,135.19,182.18,212.94,122.99,618.71,188.2,178.63,199.68,214.64,52.03,249.66,66.31,123.14,319.95
2021-03-29,121.39,469.32,153.85,192.5,270.78,85.84,516,155.57,125.71,77.14,254.96,3075.73,342.23,608,93.565,472.62,276.08,2351.36,132.75,165.06,72.273,636.68,54.94,356.15,106.12,52.152,96.61,341.2,78.06,115.75,197.4,349.37,134.97,59.85,43.75,50.68,290.82,121.49,37.23,66.19,2045.79,479.18,395,81.1,64.5,374.091,723.95,35.336,40.78,314.31,570.29,316.16,144.6,150.85,59.546,1403.42,91.92,123.42,46.455,235.24,133.15,86.59,91.04,513.95,103.09,517.93,194.14,215.82,508.03,100.28,93.19,131.53,144.81,105.02,235.67,131.27,481.52,120.03,109.13,139.93,6.15,240.46,135.03,179.32,204.59,123.46,611.29,186.18,180.32,201.18,216.71,52.85,243.12,67,122.23,308.39
2021-03-30,119.9,465.46,152.61,187.89,268.43,84.73,524.33,153.45,126.76,76,249.75,3055.29,331.89,601.29,92.212,456.16,276.01,2334.89,130.87,164.82,71.425,632.69,54.73,349.75,106.25,51.407,96.37,337.31,78.57,116.23,196.94,347.2,134.43,60.32,43.5,50.62,288,120.76,37.11,65.5,2046.47,475.95,368.96,80.23,63.77,373.133,726.49,34.758,40.28,317.07,572.56,317.09,148.23,150.11,58.78,1428.03,90.69,118.49,47.274,231.85,131.48,86.54,89.92,513.39,102.9,514.87,197.77,213.55,509.13,99.23,93.32,135.44,142.54,107.17,236.54,130.11,470.67,120.38,110.27,137.51,6.12,239.6,131.95,178.51,204.43,124.64,635.62,185.94,175.95,194.87,212.99,52.98,243.23,66.01,120.3,313.19
2021-03-31,122.15,475.37,155.08,188.47,277.15,84.7,541.53,152.91,133.6,78.5,248.81,3094.08,339.56,617.36,92.55,463.66,279.75,2329.84,136.99,165.75,71.665,617.02,53.864,352.48,108.61,51.348,96.42,341.31,78.12,114.46,202.45,359.39,135.37,61.24,43.74,50.28,294.53,119.04,36.11,64.63,2062.52,489.31,384.06,81.27,64,382.52,738.94,34.37,40,330.4,595.24,306.71,148.11,155.22,58.53,1472.14,91.09,130.95,48.922,235.77,137.38,88.21,91.37,521.66,103.26,533.93,201.34,220.43,507.25,98.02,92.92,133.88,141.45,112.44,242.84,132.59,473.14,119.91,109.27,138.86,6.09,247.78,135.48,183.48,210.76,125.29,667.93,188.99,176.69,198.76,214.89,54.9,248.43,66.51,123.9,321.29
2021-04-01,123,483.34,160.38,189.4,283.9,85.54,545.05,153.21,141.52,81.09,249.17,3161,351.85,637.1,95.078,475.95,278.71,2382.46,141.49,169.44,72.702,608.58,54.502,354.94,112.61,51.616,97.26,348.31,78.88,115.93,206.29,365.5,137.96,63.11,43.91,51.11,298.66,122.17,36.31,66.44,2129.78,486.36,385.04,83.01,64.55,394.672,747.6,34.5,40.03,347.29,639.3,301.07,148.27,160.17,58.44,1510.5,91.36,132.55,49.601,242.35,142.66,92.41,95.45,539.42,106.6,552.47,208.08,229.7,507.82,98.76,92.03,143.93,141.28,112.09,247.54,137.79,474.93,120.51,109.38,143.4,6.27,254.23,138.27,187.7,223.06,127.65,661.75,192.06,179.81,201.9,213.04,54.75,254.97,66.79,129.85,326.23
2021-04-05,125.9,491.62,163.49,193.07,288.32,86.29,547.94,154.12,143.05,81.43,252.02,3226.73,362.76,640.49,97.397,488.48,277.88,2409.18,145.87,171.53,73.25,605.5,54.551,360.82,113.75,52.41,98.57,354.04,80.33,119.26,205.65,368.16,141.54,63.69,44.48,51.44,308.91,122.87,36.4,66.34,2218.96,491.31,384.54,83.25,66.54,401.573,765.93,35,40.31,355.08,660.8,298.75,150.93,163.82,58.82,1503.45,93.44,129.91,51.009,249.07,144.15,93.75,97.32,540.67,105.54,559.5,214.7,226.83,509.11,100.36,93.96,142.91,143.16,109.09,251.02,140.33,484.56,122.98,111.02,143.73,6.3,260.11,140.48,191.65,221.23,131.4,691.05,196.93,181.55,206.18,215.32,56.8,255,68.11,130.73,323.96
